userId,id,title,body
2,19,adipisci placeat illum aut reiciendis qui,"illum quis cupiditate provident sit magnam
ea sed aut omnis
veniam maiores ullam consequatur atque
adipisci quo iste expedita sit quos voluptas"
3,21,asperiores ea ipsam voluptatibus modi minima quia sint,"repellat aliquid praesentium dolorem quo
sed totam minus non itaque
nihil labore molestiae sunt dolor eveniet hic recusandae veniam
tempora et tenetur expedita sunt"
3,24,autem hic labore sunt dolores incidunt,"enim et ex nulla
omnis voluptas quia qui
voluptatem consequatur numquam aliquam sunt
totam recusandae id dignissimos aut sed asperiores deserunt"
3,30,a quo magni similique perferendis,"alias dolor cumque
impedit blanditiis non eveniet odio maxime
blanditiis amet eius quis tempora quia autem rem
a provident perspiciatis quia"
5,46,aut quo modi neque nostrum ducimus,"voluptatem quisquam iste
voluptatibus natus officiis facilis dolorem
quis quas ipsam
vel et voluptatum in aliquid"
7,67,aliquid eos sed fuga est maxime repellendus,"reprehenderit id nostrum
voluptas doloremque pariatur sint et accusantium quia quod aspernatur
et fugiat amet
non sapiente et consequatur necessitatibus molestiae"
9,90,ad iusto omnis odit dolor voluptatibus,"minus omnis soluta quia
qui sed adipisci voluptates illum ipsam voluptatem
eligendi officia ut in
eos soluta similique molestias praesentium blanditiis"
10,91,aut amet sed,"libero voluptate eveniet aperiam sed
sunt placeat suscipit molestias
similique fugit nam natus
expedita consequatur consequatur dolores quia eos et placeat"
10,100,at nam consequatur ea labore ea harum,"cupiditate quo est a modi nesciunt soluta
ipsa voluptas error itaque dicta in
autem qui minus magnam et distinctio eum
accusamus ratione error aut"
